"レンダリングサイズ (現在:10%)","Rendering size (Now:10%)"
"レンダリングサイズ (現在:20%)","Rendering size (Now:20%)"
"レンダリングサイズ (現在:30%)","Rendering size (Now:30%)"
"レンダリングサイズ (現在:40%)","Rendering size (Now:40%)"
"レンダリングサイズ (現在:50%)","Rendering size (Now:50%)"
"レンダリングサイズ (現在:60%)","Rendering size (Now:60%)"
"レンダリングサイズ (現在:70%)","Rendering size (Now:70%)"
"レンダリングサイズ (現在:80%)","Rendering size (Now:80%)"
"レンダリングサイズ (現在:90%)","Rendering size (Now:90%)"
"レンダリングサイズ (現在:100%)","Rendering size (Now:100%)"
"レンダリングサイズ (現在:150%)","Rendering size (Now:150%)"
"レンダリングサイズ (現在:200%)","Rendering size (Now:200%)"
"レンダリングサイズ (現在:300%)","Rendering size (Now:300%)"
"スレッド数を切り替え (現在 自動検知)","Switch the number of threads (Now Auto-detect)"
"スレッド数を切り替え (現在 定値：1)","Switch the number of threads (Now 1)"
"スレッド数を切り替え (現在 定値：2)","Switch the number of threads (Now 2)"
"スレッド数を切り替え (現在 定値：3)","Switch the number of threads (Now 3)"
"スレッド数を切り替え (現在 定値：4)","Switch the number of threads (Now 4)"
"スレッド数を切り替え (現在 定値：5)","Switch the number of threads (Now 5)"
"スレッド数を切り替え (現在 定値：6)","Switch the number of threads (Now 6)"
"スレッド数を切り替え (現在 定値：7)","Switch the number of threads (Now 7)"
"スレッド数を切り替え (現在 定値：8)","Switch the number of threads (Now 8)"
"ボーン名をクリップボードにコピー","Copy to Clipboard bone name"
"ボーン名をクリップボードにコピーします","To the Clipboard copies the bone name"
"ボーン名を左右反転","Flip the bone name"
"アクティブなボーン名を左右反転します","The bone name Active Flip"
"名前に変化がありません、失敗しました","No name change failed,"
"ボーン名に文字列を追加","Add text to the bone name"
"アクティブなボーン名に文字列を追加します","Adds a string to the active bone name"
"追加文字","Append text"
"文字追加","A new character,"
"クリップボードへ","To the Clipboard"
"左右反転","Flip Horizontal"
"このIK設定をコピー","Copy the IK set"
"アクティブなボーンのIK設定を、他の選択ボーンにコピーします","Copies of other selected bone IK settings Active"
"ロック","Lock"
"剛性","Rigid"
"制限","Limit"
"最小","Smallest"
"最大","Biggest"
"ストレッチ","Stretch"
"最小/最大角を反転","Flip the minimum / maximum angle"
"このボーンのIK設定の最小角と最大角を反転させます","Reverses the minimum and maximum angle of IK setup this bone"
"Xを反転","Flip X"
"Yを反転","Flip Y"
"Zを反転","Z invert"
"軸設定を他の軸にコピー","Copy to other axes axis settings"
"1つの軸の設定を、他の軸にコピーします","Copy the other axis on one axis"
"X軸","The x axis"
"Y軸","Y軸"
"Z軸","Z軸"
"ソース軸","Source-axis"
"Xへ","X"
"Yへ","To Y"
"Zへ","To Z"
"コピーする設定","Copying settings"
"IK設定をコピー","Copy the IK set"
"制限角を反転","Flip angle limit"
"軸設定コピー","Axis configuration copy"
"ボーンの変形をコピー","Copy the bone deformation"
"アクティブなボーンの変形情報を、他の選択ボーンにコピーします","Copy selected bones of other active bone deformation information"
"位置","Location"
"回転","Rotation"
"拡大/縮小","Zoom in / out"
"位置コピー","Copy location"
"回転コピー","Rotate copy"
"拡縮コピー","Extension of copy"
"このボーングループのボーンのみ表示","Show only bone bones group"
"アクティブなボーングループのみを表示し、その他のボーンを隠します","Group active on bones and the bones of other hide"
"反転","Flip"
"このボーングループのボーンを表示","Bones bones group show"
"アクティブなボーングループを表示、もしくは隠します","Active bone group show or hide"
"表示","Says"
"隠す","Hide"
"のみ表示","Only display"
"のみ隠す","Only hide"
"テーパー指定コピー","Taper specified copy"
"アクティブカーブオブジェクトに指定されているテーパーオブジェクトを、他の選択カーブオブジェクトにコピーします","Tapered object that is specified in the active curve object copies to other selection curves"
"ベベル指定コピー","Bevel given copies"
"アクティブカーブオブジェクトに指定されているベベルオブジェクトを、他の選択カーブオブジェクトにコピーします","Bevel object that is specified in the active curve object copies to other selection curves"
"全モディファイア適用","All modifiers applied"
"選択オブジェクトの全てのモディファイアを適用します","Applies to all modifiers of the selected object"
"全モディファイア削除","Remove all modifiers"
"選択オブジェクトの全てのモディファイアを削除します","Remove all modifiers of the selected object"
"ビューへのモディファイア適用を切り替え","Modifiers apply to the view switching"
"選択オブジェクトの全てのモディファイアのビューへの適用を切り替えます","Shows or hides the application to view all modifiers of the selected object"
"ビューにモディファイアを適用しました","Applying modifiers to view"
"ビューへのモディファイア適用を解除しました","Unregistered modifiers apply to the view"
"モディファイア使用を同期","Synchronized modifier use"
"選択オブジェクトのレンダリング時/ビュー時のモディファイア使用を同期します","The synchronized modifier used when rendering the selection / view"
"レンダリング → ビュー","Rendering → view"
"ビュー → レンダリング","View-rendering"
"演算","Calculus"
"全モディファイアの展開/閉じるを切り替え","All modifiers expand / collapse toggle"
"アクティブオブジェクトの全モディファイアを展開/閉じるを切り替え(トグル)します","Expand / collapse all modifiers of the active objects to the switch (toggle)"
"モディファイアが1つもありません","Not a single modifier"
"モディファイア適用+統合","Modifiers apply + integration"
"オブジェクトのモディファイアを全適用してから統合します","The integration from the object's modifiers to apply all"
"サブサーフ除く","Excluding the Subsurf"
"アーマチュア除く","Except the armature"
"ミラー除く","Except for mirrors"
"モディファイア名を自動でリネーム","Modifier name auto-rename."
"選択オブジェクトのモディファイア名を参照先などの名前にリネームします","Rename the selected object modifier name refers to, for example,"
"ブーリアンを追加","Add a Boolean"
"アクティブオブジェクトにその他選択オブジェクトのブーリアンを追加","Additional Boolean selected objects to an active object"
"交差","Cross"
"統合","Integration"
"差分","Difference"
"ブーリアンを適用","Apply the Boolean"
"アクティブオブジェクトにその他選択オブジェクトのブーリアンを適用","Active objects for other Boolean objects"
"レンダリング時の細分化数を設定","Rendering subdivision number"
"選択したオブジェクトのサブサーフモディファイアのレンダリング時の細分化数を設定します","Sets the number of subdivisions during rendering of the selected object subsurfmodifaia"
"分割数","Split number"
"プレビュー・レンダリングの細分化数を同じに","Equivalent to a subdivision of the preview rendering"
"選択したオブジェクトのサブサーフモディファイアのプレビュー時とレンダリング時の細分化数を同じに設定します","Set in the same subdivision of the subsurfmodifaia of the selected object when you preview and rendering time"
"プレビュー → レンダリング","Preview-rendering"
"レンダリング → プレビュー","Rendering-preview"
"設定方法","How to set up"
"最適化表示を設定","Set the defragmentation display"
"選択したオブジェクトのサブサーフモディファイアの最適化表示を設定します","Sets optimization for the subsurfmodifaia of the selected object"
"最適化表示","Optimized view"
"選択オブジェクトのサブサーフを削除","Delete select Subsurf"
"選択したオブジェクトのサブサーフモディファイアを削除します","Removes the selected object subsurfmodifaia"
"選択オブジェクトにサブサーフを追加","Add a Subsurf on selected objects"
"選択したオブジェクトにサブサーフモディファイアを追加します","Add subsurfmodifaia to the selected object"
"カトマルクラーク","Catmulclark"
"シンプル","Simple"
"細分化方法","Subdivision method"
"ビューの分割数","Number of views"
"レンダーの分割数","Split number render"
"UVを細分化","Subdivided UVs"
"アーマチュアの「体積を維持」をまとめて設定","Set keep up the volume the armature"
"選択したオブジェクトのアーマチュアモディファイアの「体積を維持」をまとめてオン/オフします","Maintain volume in the armtuamodifaia of the selected objects together off and on the"
"「体積を維持」を使用","Use the preserve volume"
"クイックカーブ変形","Quick curve deformation"
"すばやくカーブモディファイアを適用します","Quickly apply the curve modifier"
"変形する軸","Axial deformation"
"モディファイア適用","Modifiers applied"
"メッシュオブジェクトがアクティブな状態で実行して下さい","Please run the mesh object is active"
"メッシュ・カーブの2つのみ選択して実行して下さい","By selecting only the two meshes, curves, please run"
"カーブオブジェクトも選択状態で実行して下さい","Curve objects run in the selected state"
"クイック配列複製+カーブ変形","Quick array replication + curve deformation"
"すばやく配列複製モディファイアとカーブモディファイアを適用します","Quickly apply the curve modifier with the modifiers array replication"
"頂点結合","Vertex binding"
"モディファイア操作","Modifier action"
"モディファイア関係の操作です","Is working with modifiers"
"サブサーフ関係","Save surf related"
"サブサーフェイス関係の操作です","Is the relationship between subsurface operations"
"ブーリアン関係","Boolean related"
"ブーリアン関係の操作です","Is the relationship between Boolean operations"
"ブーリアン追加 (交差)","Boolean Add (cross)"
"ブーリアン追加 (統合)","Boolean Add (integrated)"
"ブーリアン追加 (差分)","Boolean Add (diff)"
"ブーリアン適用 (交差)","Boolean apply (cross)"
"ブーリアン適用 (統合)","Boolean apply (integrated)"
"ブーリアン適用 (差分)","Boolean apply (diff)"
"アーマチュア関係","Armature connection"
"アーマチュア関係の操作です","Armature connection operation"
"カーブ関係","Relationship between curves"
"カーブ関係の操作です","Operation of curve relationships"
"全リネーム","Rename all"
"全適用","All applicable"
"全削除","Delete all"
"ビュー表示","View"
"展開/閉じる","Expand / collapse"
"使用同期","Use over the"
"ポーズライブラリを並び替え","Pose library sort."
"アクティブなポーズライブラリのポーズを並び替えます","Sorts by posing for an active pose library"
"上へ","To the top"
"ポーズライブラリのポーズを最上部/最下部へ","Top / bottom pose pose library"
"アクティブなポーズライブラリのポーズを最上部、もしくは最下部へ移動させます","Posing in an active pose library moves to the top or bottom"
"最上部へ","To the top"
"最下部へ","To the bottom"
"全ボーンレイヤーを表示","View all bone layer"
"全てのボーンレイヤーをオンにして表示します","All the bone layer and then displays the"
"直前のレイヤー情報","The last layer information"
"全レイヤー表示解除","Unlock all layers display"
"全レイヤー表示","All layers display"
"ポーズ有効/無効","Enables or disables the pause"
"メッシュデータ","Mesh data"
"タブ > ","Tab &gt; "
"UVマップ","UV maps"
"まとめてUVをリネーム","Bulk Rename with UV"
"選択オブジェクト内の指定UVをまとめて改名します","Renames the selected objects within designated UV together"
"リネームするUV名","UV name rename"
"過去のUV","Past UV"
"新しいUV名","New UV name"
"新しいUV","New UV"
" はメッシュオブジェクトではありません、無視します"," A mesh object, ignore"
"まとめて指定名のUVを削除","Bulk delete name UV"
"指定した名前と同じ名のUVを、選択オブジェクトから削除します","Removes the selected object UV of the same name as the specified"
"削除するUV名","Remove the UV name"
"UV名を変更","Rename the UV"
"アクティブなUVの名前を変更します(テクスチャのUV指定もそれに伴って変更します)","Renames active UV (UV texture also changes accordingly)"
"UVが存在しません","No UV"
"マテリアル「","Material ""
"」のUV指定を修正しました",""The fixed UV designation"
"メッシュ「","Mesh ""
"メッシュオブジェクトではありません","Mesh objects are not"
"未使用のUVを削除","Remove unused UV"
"アクティブなオブジェクトのマテリアルで未使用なUVを全削除します(他の部分に使われているUVは消してしまいます)","Active object material (the UV is used in other parts disappear) delete unused UV total"
"全ての選択したメッシュ","All the selected mesh"
" を削除しました"," Removed"
"はメッシュオブジェクトではありません","A mesh object is not"
"UVを移動","Move to UV"
"アクティブなオブジェクトのUVを移動して並び替えます","Sorts, by moving the active object's UV"
"下へ","To the bottom"
"方向","Direction"
"UV操作","UV operations"
"UV関係の操作です","UV related operations"
"頂点色","Vertex color"
"頂点色を移動","Move the vertex color"
"アクティブなオブジェクトの頂点色を移動して並び替えます","Move the vertex color of active objects, sorts"
"アクティブオブジェクトがありません","There is no active object"
"これはメッシュオブジェクトではありません","This is not a mesh object"
"頂点色数が1つ以下です","Vertex depth is less than one"
"頂点色を塗り潰す","Fill the vertex color"
"アクティブなオブジェクトの頂点色を指定色で塗り潰します","Vertex color of the active object with the specified color fills"
"頂点色が存在しません","Vertex color does not exist"
"頂点カラーを一括追加","Bulk add vertex color"
"選択中のメッシュオブジェクト全てに色と名前を指定して頂点カラーを追加します","Specify color and name all selected mesh object, adds a vertex color"
"頂点カラー名","Vertex color names"
"頂点カラー","Vertex color"
"頂点カラー操作","Vertex color operation"
"頂点カラーの操作に関するメニューです","About working with vertex colors menu."
"塗り潰す","Fill"
"キーフレームを削除 (確認しない)","Delete keyframes (not verified)"
"選択した全てのキーフレームを確認せずに削除します","Delete without checking for all selected keyframes"
"全キーフレームを大掃除","Cleaning up all keyframes"
"全てのアクションの重複したキーフレームを削除します","Remove the keyframe duplicates of all actions"
"キーを1つは残す","Leave one of the key"
"しきい値","Threshold"
"画像名を使用するファイル名に","Using the name of the image file name"
"アクティブな画像の名前を、使用している外部画像のファイル名にします","External images are using the name of the active image file name"
"拡張子も含む","Including the extension"
"全ての画像名を使用するファイル名に","In the file name to use for all image names"
"全ての画像の名前を、使用している外部画像のファイル名にします","The names of all images using external image file name"
"全ての画像を再読み込み","Load all images"
"外部ファイルを参照している画像データを全て読み込み直します","Reloads all the image data referring to external file"
"指定色で上書き","Over the specified color"
"アクティブな画像を指定した色で全て上書きします","All over the colors you specify the active image"
"塗り潰す色","Color fill"
"指定色で塗り潰す","Fill with color"
"アクティブな画像を指定した色で全て塗り潰します","All fill in the color you specify the active image"
"透明部分を塗り潰し","Fill with transparency"
"アクティブな画像の透明部分を指定色で塗り潰します","The transparent parts of the image are active in the specified color fills"
"埋める色","Color fill"
"画像の正規化","Image normalization"
"アクティブな画像を正規化します","Normalizes the active image"
"画像ファイル名を変更","Change the name of the image file"
"アクティブな画像のファイル名を変更します","Change the file name of the active image"
"新しいファイル名","New file name"
"この画像には外部ファイルが存在しません","External file does not exist on this image"
"画像ファイル名が元と同じです","The image file name is the same as the original"
"画像をぼかす (重いので注意)","(Note the heavy) blurs an image"
"アクティブな画像をぼかします","Blurs an image of active"
"ぼかし量","Blur amount"
"アクティブな画像が見つかりません","Active image not found"
"水平反転","Flip horizontally"
"アクティブな画像を水平方向に反転します","Active image flips horizontally"
"垂直反転","Flip vertically"
"アクティブな画像を垂直方向に反転します","Active image flips vertical"
"90°回転","Rotate 90 degrees"
"アクティブな画像を90°回転します","Active image rotates 90 °"
"180°回転","Rotate 180 degrees"
"アクティブな画像を180°回転します","Active image rotates 180 °"
"270°回転","Rotate 270 degrees"
"アクティブな画像を270°回転します","Active image rotates 270 degrees"
"外部エディターで編集 (拡張)","Editing in an external editor (enhanced)"
"ユーザー設定のファイルタブで設定した追加の外部エディターで画像を開きます","Open the image in an external editor of the additional files page of the custom"
"使用する番号","Number to use"
"画像が見つかりません","Image not found"
"画像パスが見つかりません","Cannot find the image path"
"画像の拡大/縮小","Image zoom in / out"
"アクティブな画像をリサイズします","Active image resizing"
"横幅","Width"
"縦幅","Vertical size"
"比率を維持","Keep ratio"
"画像の複製","Reproduction of images"
"アクティブな画像を複製します","Duplicate the active picture"
"UVグリッドを新規作成","New UV grid"
"WEBからUVグリッドをダウンロードし、画像として新規作成します","UV grid to download from the WEB, and create new images"
"画像ファイル","Image file"
"名前","The name"
"ファイルのダウンロードに失敗しました","Failed to download file"
"画像を並べる","Arrange images"
"アクティブな画像を小さくして並べます","Arrange the active image to reduce"
"並べる数","Number line"
"画像の高速ぼかし","Fast image blurring"
"アクティブな画像に高速なぼかし処理を行います","The active image blur fast do"
"効果の強さ","The strength of the effect"
"回数","The number of times"
"ノイズ画像を新規作成","Create a new image noise"
"ノイズ画像を新規画像として追加します","Add as a new picture noise picture"
"モノクロノイズ","Black and white noise"
"アルファノイズ","Alfano is"
"高さ","Height"
"アルファ","Alpha"
"32ビットFloat","32-bit Float"
"画像を脱色","Bleached images"
"アクティブな画像をモノクロにします","The black and white image of active"
"画像のサイズ変更","Change the size of the image"
"アクティブな画像のサイズを変更します","Change the size of the active image"
"中央","Central"
"横位置","Horizontal alignment"
"縦位置","Vertical position"
"変形","Deformation"
"画像の変形処理メニューです","Image deformation processing menu."
"外部エディター(拡張)","External editor (enhanced)"
"塗る","Paint"
"上書き","Override"
"透明部分を塗り潰す","Fill the transparent areas"
"新規画像 (拡張)","New images (enhanced)"
"UVグリッド","UV grid"
"ノイズ","Noise"
"カラー","Color"
"正規化","Normalization"
"脱色","Decolorization"
"編集","Edit"
"複製","Copy"
"サイズ変更","Change the size"
"並べる","Lining up"
"フィルター","Filter"
"ぼかし (高速)","Blur (high speed)"
"ぼかし (低速)","Blur (slow)"
"分離している頂点を選択","Select the vertices are isolated"
"シームによって分離している頂点を選択します","Select the vertex are separated by seams"
"UVをメッシュに変換","Convert UV to mesh"
"アクティブなUVを新規メッシュに変換します","Converts the new mesh to UV active"
"アクティブなオブジェクトが見つかりません","An active object is not found"
"UVが見つかりません","UV cannot be found"
"カーソルの位置をリセット","Reset the position of the cursor"
"2Dカーソルの位置を左下に移動させます","2D cursor moves in the lower left"
"右上","On the upper right"
"右下","Lower right"
"左下","Lower left"
"左上","On the top left"
"パネル表示切り替え(モードA)","Toggle Panel (mode A)"
"プロパティ/ツールシェルフの「両方表示」/「両方非表示」をトグルします","The properties/tool shelf "both display" / "both hide" toggle"
"パネル表示切り替え(モードB)","Toggle Panel (mode B)"
"「パネル両方非表示」→「ツールシェルフのみ表示」→「プロパティのみ表示」→「パネル両方表示」のトグル",""Panel both hide" → show only the tool shelf → show only properties → "Panel both display" for toggle"
"パネル表示切り替え(モードC)","Toggle Panel (mode C)"
"「パネル両方非表示」→「ツールシェルフのみ表示」→「プロパティのみ表示」... のトグル",""Panel both hide" → "show only the tool shelf → show only the properties. The toggle"
"ショートカット登録用","Shortcut for registration"
"ショートカットに登録すると便利かもしれない機能群です","Shortcuts and features that might come in handy"
"カーソルの位置をリセットします","Resets the position of the cursor"
"再起動","Restart"
"Blenderを再起動します","Restart the Blender"
"最新の自動保存の読み込み","Load last AutoSave"
"復元するために自動的に保存したファイルの最新ファイルを開きます","Open the file automatically in order to restore the most recent file"
"最新の自動保存ファイルを読み込みました","Load last AutoSave file"
"確認せずに上書き保存","Save without prompting"
"確認メッセージを表示せずに上書き保存します","Save the changes without displaying the confirmation message"
" を保存しました"," Has been saved"
"先に「名前をつけて保存」して下さい","To save your find"
"最後に使ったファイルを開く","Open the last used file"
"「最近使ったファイル」の一番上のファイルを開きます","Opens the file at the top of the "recent files""
"データ名をリネーム","Data name to rename."
"全てのデータを対象にしたリネームが可能です","Rename using all of the data is available"
"アクション","Action"
"アーマチュア","Armature"
"ブラシ","Brush"
"カメラ","Camera"
"カーブ","Curve"
"フォント","Font"
"グリースペンシル","Grease pencil"
"グループ","Group"
"画像","Images"
"ランプ","Lamp"
"ラティス","Lattice"
"ライブラリ","Library"
"ラインスタイル","Line style"
"マスク","Mask"
"マテリアル","Material"
"メッシュ","Mesh"
"メタボール","Metaballs"
"ムービークリップ","Movie clips"
"ノードグループ","Node groups"
"オブジェクト","Object"
"パレット","Palette"
"パーティクル","Particle"
"シーン","Scene"
"スクリーン","Screen"
"スクリプト","Script"
"シェイプキー","Shape key"
"サウンド","Sound"
"スピーカー","Speakers"
"テキスト","Text"
"テクスチャ","Texture"
"ｳｨﾝﾄﾞｳﾏﾈｰｼﾞｬｰ","Window manager"
"ワールド","World"
"モディファイア","Modifier"
"コンストレイント","Constraint"
"頂点グループ","Vertex groups"
"ボーン","Bone"
"ボーンｺﾝｽﾄﾚｲﾝﾄ","Bone constraint"
"先頭に追加","Add to the top"
"末尾に追加","Add at the end"
"置換前","Before the replacement"
"置換後","Replacement"
"選択オブジェのみ","Selected objects only"
"ログを表示","Show log"
"リネームするデータにチェック","To rename the data to check"
"リネーム設定","Renaming settings"
"全ての「すべての辺を表示」をオン","All show all sides turn"
"全てのオブジェクトの「すべての辺を表示」表示設定をオンにします(オフも可能)","Show all sides of all objects (can be off) turn the display settings"
"オンにする","To turn on"
"全ての最高描画タイプを一括設定","All the best drawing type schemes"
"全てのオブジェクトの「最高描画タイプ」を一括で設定します",""Best drawing types in the object of all sets at once"
"サーフェイス","Surface"
"エンプティ","Empty"
"全てのオブジェクト","All objects"
"オブジェクトのタイプ","The type of the object"
"ソリッド","Solid"
"ワイヤー","Wire"
"バウンド","Bound"
"描画タイプ","Drawing type"
"全てのデータ名をオブジェクト名と同じにする","All the data name to object name and same"
"全てのオブジェクトのデータ(メッシュデータなど)の名前を、リンクしているオブジェクト名に置換します","Replaces object name linked to name all the object data (mesh data etc)"
"選択中のオブジェクトのみ","Only the selected object"
"全てのマテリアルの「半透明影の受信」をオン","On receiving the Semitransparent Shadow material of all"
"全てのマテリアルの「半透明影を受信するかどうか」についての設定をオン(オフ)にします","You to receive a semi-transparent shadow?"of all material (off) on the"
"オフにする","To turn off"
"マテリアルのカラーランプ設定を他にコピー","Copy the material color ramp settings"
"アクティブなマテリアルのカラーランプ設定を他の全マテリアル(選択オブジェクトのみも可)にコピーします","Color ramp settings of the active material is all material other (only selected objects are allowed) to copy"
"選択オブジェクトのみ","Only the selected object"
"アクティブマテリアルがありません","Not active"
"アクティブマテリアルのFreeStyle色を他にコピー","FreeStyle color of an active copy to other"
"アクティブなマテリアルのFreeStyleの色設定を他の全マテリアル(選択オブジェクトのみも可)にコピーします","FreeStyle material active color for all materials other (only selected objects are allowed) to copy"
"全マテリアルのFreeStyle色をディフューズ色に","FreeStyle color of all material diffuse color"
"全マテリアル(選択オブジェクトのみも可)のFreeStyleライン色をそのマテリアルのディフューズ色+ブレンドした色に置換します","All material (only selected objects are allowed) for FreeStyle line color of the material diffuse color + a blend to replace the"
"ブレンド色","Blend color"
"ミックス","Mix"
"乗算","Multiplication"
"ブレンドモード","Blend mode"
"ブレンド強度","Blends strength"
"全マテリアルのオブジェクトカラーを有効に","To enable object color for all materials"
"全マテリアルのオブジェクトカラーの設定をオンもしくはオフにします","The select or clear all object color settings"
"オン/オフ","Turn on/off"
"全てのバンプマップの品質を設定","Set the bump of all quality"
"全てのテクスチャのバンプマップの品質を一括で設定します","Bump-map texture of all quality sets in bulk"
"オリジナル","Original"
"互換性","Compatibility"
"低品質","Low quality"
"中品質","In the quality"
"最高品質","Highest quality"
"バンプ品質","Quality bump"
"全テクスチャ名を使用する画像ファイル名に","All image file names using the texture name"
"全てのテクスチャの名前を、使用している外部画像のファイル名にします","The names of all textures use external image file name"
"の画像が指定されていません","The image is not specified"
"UV指定が空欄な場合アクティブUVで埋める","UV is a blank if you fill the active UV"
"テクスチャのUV指定欄が空欄の場合、リンクしているメッシュオブジェクトのアクティブなUV名で埋めます","Under active UV texture UV specified fields linked to an empty mesh object fills"
"物理演算の開始/終了フレームを一括設定","Set physical operation start / end frames at once"
"物理演算などの開始/終了フレームを設定する部分にレンダリング開始/終了フレーム数を割り当てます","Assign render start / end frames portions to set start / end frames, such as physics"
"開始オフセット","Start offset"
"剛体","Was that body"
"布(クロス)","Fabric (cloth)"
"ソフトボディ","Soft body"
"流体","Fluid"
"ダイナミックペイント","Dynamic paint"
"全体処理(使用には注意を)","Whole process (use care)"
"全データを一括処理する機能群です","Is all data processing functions"
"全オブジェクトを一括処理する機能群です","Is a set of batch processing all the objects and features"
"全マテリアルを一括処理する機能群です","Is all material processing functions"
"全テクスチャを一括処理する機能群です","All is a set of batch processing and texture feature"
"全画像を一括処理する機能群です","Is the set of all image processing features"
"物理演算","Physical operation"
"物理演算関係のデータを一括処理する機能群です","Is the relationship between physical operation of data processing functions"
"全ての画像をtexturesフォルダに保存し直す","Resave textures folder, all images"
"外部ファイルを参照している画像データを全てtexturesフォルダに保存し直します","All external files referenced by image data to resave the textures folder"
"texturesフォルダに保存し直しました","repaired and stored in the textures folder"
"texturesフォルダ内の未使用ファイルを隔離","isolate unused files in the textures folder"
"このBlendファイルのあるフォルダのtextures内で、使用していないファイルをbackupフォルダに隔離します","Files in a textures folder with the Blend files, do not use isolates them in a backup folder"
"を隔離","Isolation"
"「最近使ったファイル」をテキストで開く","Open text in "recent files""
"「最近使ったファイル」をBlenderのテキストエディタで開きます","Open the "recent files" in Blender text editor"
"「ブックマーク」をテキストで開く","Open text in "bookmarks""
"ファイルブラウザのブックマークをBlenderのテキストエディタで開きます","Blender text editor open the file browser bookmarks"
"四角ポリゴン球","Rectangle polygon sphere"
"四角ポリゴンのみで構成された球体メッシュを追加します","Adds a spherical mesh is composed only of quadrilateral polygon"
"半径(大体)","RADIUS (roughly)"
"視点に揃える","Align view"
"頂点のみ","Only the vertices"
"1頂点のみのメッシュオブジェクトを3Dカーソルの位置に追加します","Only 1 vertex meshes 3D adds to the position of the cursor"
"頂点グループごとに分離","Isolated vertex groups"
"頂点グループの適用されている部分ごとに分離したメッシュ群を作成します","Create a separate each part of the vertex groups applied mesh group"
"有効しきい値","Turn threshold"
"ソース削除","Delete source"
"解像度の倍率を設定","Set the magnification of the resolution"
"設定解像度の何パーセントの大きさでレンダリングするか設定します","Set to be rendered settings resolution percentage?"
"レンダリングサイズ(%)","Render size (%)"
"レンダースロットを設定","Set the render slots"
"レンダリング結果を保存するスロットを設定します","Sets a slot to save the rendering result"
"スロット","Slot"
"スレッド数を切り替え","Switching threads"
"レンダリングに使用するCPUのスレッド数を切り替えます","Switch the thread number of CPUS used to render"
"スレッド数","Number of threads"
"レンダリング時のサブサーフレベルをまとめて設定","Set the Subsurf levels during rendering"
"レンダリング時に適用するサブサーフの細分化レベルをまとめて設定します","Together sets the granularity of Subsurf applied during rendering"
"絶対値","Absolute value"
"相対値","Relative value"
"設定モード","Setting mode"
"細分化レベル","Level of granularity"
"設定値が不正です","Invalid setting value"
"レンダリング時のサブサーフレベルをプレビュー値と同期","Sync preview value when rendering the Subsurf levels"
"全オブジェクトのレンダリング時に適用するサブサーフの細分化レベルを、プレビューでのレベルへと設定します","Granularity of Subsurf applied during the rendering of all objects set to level in the preview"
"細分化レベル オフセット","Subdivision-level offset"
"レンダーの簡略化","Simplification of the render"
"レンダリングの簡略化設定をします","The simplified settings"
"レンダースロット","Render slots"
"レンダリング結果を保存するスロットを変更します","Change the slot to save the rendering result"
"使用シェーディング","Use shading"
"シェーディングのオン/オフをします","The shading on/off"
"全サブサーフ細分化レベル","All Subsurf levels of granularity"
"全オブジェクトのサブサーフ細分化レベルをまとめて設定します","All objects save surf subdivision level sets together"
"細分化 + 1","Subdivision + 1"
"細分化 - 1","Subdivision-1"
"細分化 = 0","Subdivision = 0"
"細分化 = 1","Subdivision = 1"
"細分化 = 2","Subdivision = 2"
"細分化 = 3","Subdivision = 3"
"プレビュー値に同期","Synchronize the preview value"
"解像度 X","RES X"
"解像度 Y","RES Y"
"レンダリングサイズ (現在:","Render size (currently:"
"レンダースロット (現在:スロット","Render slot (slot:"
"ファイルフォーマット","File formats"
"開始フレーム","Start frame"
"最終フレーム","The final frame"
"フレームステップ","Step frame"
"アンチエイリアス使用","Use anti-aliasing"
"AOを使用","AO"
"FreeStyleの使用","Using the FreeStyle"
" (現在 自動検知)"," (Currently automatic detection)"
" (現在 定値："," (Current constant value:"
"アンチエイリアス サンプル数","Anti-aliasing samples."
"AOサンプル数","AO samples."
"パイメニュー","Pie menu"
"ウィンドウ関係のパイメニューです","Is a pie menu window relationship"
"エディタータイプ","Editor type"
"エディタータイプ変更のパイメニューです","Change the editor type pie menu is"
"テキストエディター","Text editor"
"アウトライナー","Out liner"
"プロパティ","Property"
"3Dビュー","3D view"
"UV/画像エディター","UV / image editor"
"ノードエディター","Nordeditor"
"アニメ関係","Anime related"
"その他","Other"
"エディタータイプ(アニメーション)","Editor type (animation)"
"エディタータイプ(アニメーション関係)変更のパイメニューです","Is a pie menu change the editor type (animation related)"
"NLAエディター","The NLA Editor"
"ドープシート","Dope sheet"
"グラフエディター","Graph Editor"
"タイムライン","Timeline"
"エディタータイプ(その他)","Editor type (other)"
"エディタータイプ(その他)変更のパイメニューです","Is a pie menu change the editor type (other)"
"ロジックエディター","Logic Editor"
"ビデオシーケンスエディター","Video sequence editor"
"動画クリップエディター","Video clip Editor"
"ファイルブラウザー","File browser"
"Pythonコンソール","Python console"
"情報","Information"
"ユーザー設定","User settings"
"エディタータイプ変更","Change the editor type"
"エディタータイプを変更します","Change the editor type"
"エリアタイプ","Area type"
"UIの英語・日本語 切り替え","English UI, Japanese switch"
"インターフェイスの英語と日本語を切り替えます","Japan language with English interface switch"
"割り当てのないマテリアルを削除","Delete non-assignment material"
"面に一つも割り当てられてないマテリアルを全て削除します","Delete all one assigned to a surface material"
"マテリアルスロット全削除","Remove all material slots"
"このオブジェクトのマテリアルスロットを全て削除します","Delete all material slots for this object"
"空のマテリアルスロット削除","Delete empty material slots"
"このオブジェクトのマテリアルが割り当てられていないマテリアルスロットを全て削除します","Delete all material of this object has not been assigned material slots"
"裏側を透明にする","Transparent back."
"メッシュの裏側が透明になるようにシェーダーノードを設定します","Sets the shader nodes transparently mesh back"
"スロットを一番上へ","Slot to the top"
"アクティブなマテリアルスロットを一番上に移動させます","Move the active material slots on top"
"スロットを一番下へ","Slots to the bottom"
"アクティブなマテリアルスロットを一番下に移動させます","Move the active material slot at the bottom"
"一番上へ","Back to top"
"一番下へ","To the bottom"
"シェイプキーを複製","Duplicate a shape key"
"アクティブなシェイプキーを複製します","Duplicate the active shape key"
"シェイプブロック名を調べる","Examine the shape name"
"シェイプブロックの名前を表示し、クリップボードにコピーします","Copy to the Clipboard, and then displays the name of the shape blocks"
"シェイプキーが存在しません","Shape key does not exist"
"シェイプブロックの名前をオブジェクト名に","Block shape name in the object name"
"シェイプブロックの名前をオブジェクト名と同じにします","Same as object name the name of the shape blocks"
"全てのシェイプにキーフレームを打つ","Hit the keyframes of all shapes"
"現在のフレームに、全てのシェイプのキーフレームを挿入します","Inserts a keyframe for all shapes on the current frame"
"最上段を選択","Select the top"
"一番上のシェイプキーを選択します","Select the top shape key"
"最下段を選択","Select the bottom row"
"一番下のシェイプキーを選択します","Select the bottom shape key"
"現在の形状を保持して全シェイプ削除","Remove all shape and holds the shape of the current"
"現在のメッシュの形状を保持しながら全シェイプキーを削除します","Remove all shape key while maintaining the shape of the mesh current"
"空の頂点グループを削除","Delete the empty vertex groups"
"メッシュにウェイトが割り当てられていない頂点グループを削除します","Remove the weights assigned to the mesh vertex groups"
"ミラーの対になる空頂点グループを追加","Add the empty vertex group versus the mirror"
".L .R などミラーの命令規則に従って付けられたボーンの対になる空の新規ボーンを追加します",". L... R, add new bone bones according to mandate rule in Miller vs. empty"
"一番上を選択","Select the top"
"頂点グループの一番上の項目を選択します","Select the item at the top of the vertex groups"
"一番下を選択","At the bottom, select"
"頂点グループの一番下の項目を選択します","Select the item at the bottom of the vertex groups"
"最上段へ","To the top"
"アクティブな頂点グループを一番上へ移動させます","Move to the top active vertex groups"
"最下段へ","To the bottom"
"アクティブな頂点グループを一番下へ移動させます","Move to the bottom vertex group active"
"特定文字列が含まれる頂点グループ削除","Delete a vertex group that contains a specific string"
"指定した文字列が名前に含まれている頂点グループを全て削除します","Removes all vertex group names contains the specified string"
"削除する名前の一部","Part of the name that you want to delete"
"個の頂点グループを削除しました","Removed the vertex groups"
"メッシュオブジェクトで実行して下さい","Please run the mesh object"
"このシェーダーノードを他マテリアルにコピー","Copy to other material shader node"
"表示しているシェーダーノードを他のマテリアルにコピーします","Copies of other material shader nodes are displayed"
"ﾉｰﾄﾞ使用済の場合のみ","Only used for those nodes"
"シェーダーノードで実行して下さい","Please run the shader nodes"
"オブジェクト名をデータ名に","Object names in the data name"
"オブジェクト名をリンクしているデータ名に設定します","Set the data name linked to object name"
"データ名をオブジェクト名に","Data name in the object name"
"データ名をリンクしているオブジェクト名に設定します","Sets the data linked to the object name"
"オブジェクト名をコピー","Copy the object name"
"オブジェクト名をクリップボードにコピーします","Copy to the Clipboard object name"
"データ名をコピー","Copy the data name"
"データ名をクリップボードにコピーします","Copies data to the Clipboard"
"名前を同期","Name synchronization"
"表示設定をコピー","Copy the display settings"
"この表示設定を他の選択オブジェクトにコピーします","Copy the selected objects of other display settings"
"座標軸","Coordinate axes"
"ワイヤーフレーム","Wire frame"
"すべての辺を表示","See all sides"
"バウンドタイプ","Type outbound"
"テクスチャスペース","Texture space"
"レントゲン","X rays"
"透過","Through"
"最高描画タイプ","Best drawing type"
"オブジェクトカラー","Object color"
"剛体設定をコピー","Copy the rigid set"
"アクティブなオブジェクトの剛体設定を、他の選択オブジェクトにコピーします","Copy the selected objects of other rigid set of active objects"
"プロパティタブを切り替え","Switch to properties tab"
"プロパティのタブを順番に切り替えます","Turn switch Properties tab"
"左へ","To the left"
"プロパティエリアが見つかりません","Cannot find the properties area"
"現在のタブが予期せぬ設定値です","Is the current tab is unexpected"
"ベイク用の画像を作成","Create images for bake"
"ベイクに使う新規画像を素早く用意可能です","New images used to bake quickly, is available"
"画像を確認","Make a picture"
"バックグラウンドでレンダリング","Background rendering."
"コマンドラインから現在のblendファイルをレンダリングします","Renders the current blend file from the command line"
"Blenderを終了","Quit Blender"
"静止画","Stills"
"アニメーション","Animation"
"剛体ワールドを作り直す","Recreate the rigid world"
"設定は維持して剛体ワールドを作り直します","Keep setting, recreate the rigid world"
"テクスチャ名を使用する画像ファイル名に","Image file name to use the texture name"
"アクティブなテクスチャの名前を使用している外部画像のファイル名にします","The file name of the external images using the name of the active texture"
"画像/動画テクスチャで実行してください","Try image / video textures"
"画像が指定されていません","Image is not specified"
"テクスチャスロットを全て空に","Texture slot, all in the sky"
"アクティブなマテリアルの全てのテクスチャスロットを空にします","Empties all active material texture slots"
"アクティブなテクスチャスロットを一番上に移動させます","Move the active texture slot at the top"
"アクティブなテクスチャスロットを一番下に移動させます","Move the active texture slot at the bottom"
"無効なテクスチャを削除","Remove invalid texture"
"無効にしているテクスチャを全て削除します","Removes all textures have turned off"
"切り詰める","Cut back on"
"空のテクスチャスロットを切り詰める","Cut the texture slot empty"
"テクスチャが割り当てられていない空のテクスチャスロットを埋め、切り詰めます","No texture is assigned an empty texture slots will be filled, truncated"
"ここより下を削除","Delete below here"
"アクティブなテクスチャスロットより下を、全て削除します","Remove all active texture slot below"
"テクスチャ画像をUV/画像エディターに表示","Texture images show in the UV / image editor"
"アクティブなテクスチャに使われている画像を「UV/画像エディター」に表示します","Image is used in the active texture shows the UV / image editor"
"このテクスチャでテクスチャペイント","This texture is a texture paint"
"アクティブなテクスチャでテクスチャペイントを行います","Active texture provides a texture paint"
"画像をUV/画像エディターに表示","In the UV / image editor show pictures"
"アクティブなUVを使う","Using Active UV"
"メッシュのアクティブなUVを、このスロットで使います","Active UV mesh used in this slot"
"外部エディターで編集","Edit with external editor"
"ユーザー設定のファイルタブで設定した外部エディターでテキストを開きます","Open the text in an external editor you set on the files page of the custom"
" で開く"," In the open"
"最後までスクロール","Scroll to end"
"画面の一番下までスクロールします","Scroll to the bottom of the screen"
"ユーザー設定タブを切り替え","Switch to the custom tab"
"ユーザー設定のタブを順番に切り替えます","Cycles the user settings tab"
"キーバインド検索","Search key bindings"
"設定したキーバインドに一致する割り当てを検索します","Find matching key bindings you set assignment"
"検索するキーが空です、設定してください","Set the search key is empty"
"ショートカット検索をクリア","Clear Search shortcuts"
"ショートカット検索に使用した文字列を削除します","Remove the string used to search for shortcuts"
"キーコンフィグを全て閉じる","Close all game"
"キーコンフィグのメニューを全て折りたたみます","Collapses all the game menu"
"ショートカット一覧をブラウザで閲覧","View in browser shortcut list"
"Blenderの全てのショートカットをブラウザで確認出来ます","Please see the browser all shortcuts in Blender"
"<b>【 ","<b>【 "
" 】</b><br><br>"," 】</b><br><br>"
")　",")　"
"(常に)　","(Always)　"
"」メニューの呼び出し",""Call menu"
"」を「",""'"
"」に変更",""To change"
"」の切り替え",""The switch"
"」と「",""And""
"」に切り替え",""To switch"
"最後のコマンドをショートカットに登録","Last command create shortcut"
"最後に実行したコマンドをショートカットに登録します","Last command create shortcut"
"(変更しないで)","(Do not change)"
"ウィンドウ","Window"
"スクリーン編集","Screen edit"
"2Dビュー","2D view"
"フレーム","Frame"
"ヘッダー","Header"
"2Dビューボタンリスト","2-D view buttons list"
"プロパティエディター","Property editor"
"3Dビュー全般","3D view general"
"グリースペンシルストローク編集モード","Grease pencil stroke edit mode"
"面のマスク","Face mask"
"ウェイトペイント頂点選択","Weight painting vertex selection"
"ポーズ","Pose"
"オブジェクトモード","Object mode"
"ペイントカーブ","Paint curves"
"画像ペイント","Paint a picture"
"頂点ペイント","Vertex paint"
"ウェイトペイント","Weight paint"
"スカルプト","Sculpt"
"オブジェクト非モーダル","Object non-modal"
"3Dビュージェスチャサークル","3 D Burgess Cha circle"
"ジェスチャ境界","Gesture boundary"
"ジェスチャ境界ズーム","Zoom gesture boundary"
"ジェスチャ直線","Gesture lines"
"標準モーダルマップ","Standard modal map"
"アニメーションチャンネル","Animation channel"
"ナイフツールモーダルマップ","Knife modal map"
"UVエディター","UV Editor"
"トランスフォームモーダルマップ","Transform modal map"
"UVスカルプト","UV sculpt"
"ペイントストロークモーダル","Paint stroke modal"
"マスク編集","Mask editing"
"マーカー","Marker"
"3Dビューフライモーダル","3D view fly modal"
"3Dビューウォークモーダル","3D view walk modal"
"3Dビュー回転モーダル","3D view rotation modal"
"3Dビュー移動モーダル","3D view mobile modal"
"3Dビューズームモーダル","3D views me modal"
"3Dビュードリーモーダル","3D Bewdley modal"
"グラフエディター全般","General graph"
"画像全般","The general picture"
"ノード全般","The General node"
"ファイルブラウザーメイン","File browser main"
"ファイルブラウザーボタン","Filebrowser-Botan"
"NLA全般","The NLA General"
"NLAチャンネル","NLA channels"
"テキスト全般","General text"
"シーケンサー共通","Sequencer-common"
"シーケンサー","Sequencer"
"シーケンサープレビュー","Sequencer preview"
"コンソール","Console"
"クリップ","Clip"
"クリップエディター","Clip Editor"
"クリップグラフエディター","Clip grapheditor"
"クリップドープシートエディター","Clip deepseateditor"
"有効エリア","Effective area"
"左クリック","Left click"
"ホイールクリック","Click wheel"
"右クリック","Right click"
"マウス4ボタン","4-button mouse"
"マウス5ボタン","5-button mouse"
"マウス6ボタン","Mouse 6 button"
"マウス7ボタン","7 button mouse"
"マウス移動","Mouse movement"
"境界のマウス移動","Mouse moving boundaries"
"ホイールアップ","Wheel up"
"ホイールダウン","Wheel down"
"Aキー","A key"
"Bキー","B key"
"Cキー","C key"
"Dキー","D key"
"Eキー","E key"
"Fキー","F keys"
"Gキー","G key"
"Hキー","H key"
"Iキー","I key"
"Jキー","J key"
"Kキー","K key"
"Lキー","L key"
"Mキー","M key"
"Nキー","N key"
"Oキー","O key"
"Pキー","P key"
"Qキー","Q key"
"Rキー","R key"
"Sキー","S key"
"Tキー","T key"
"Uキー","U key"
"Vキー","V key"
"Wキー","W key"
"Xキー","X key"
"Yキー","Y key"
"Zキー","Z key"
"左CTRL","Left CTRL"
"左ALT","Left ALT"
"左SHIFT","Left SHIFT"
"右ALT","Right ALT"
"右CTRL","Right CTRL"
"右SHIFT","Right SHIFT"
"OSキー","OS key"
"Escキー","ESC key"
"Tabキー","Tab key"
"エンターキー","Enter key"
"Spaceキー","Space key"
"BackSpaceキー","BackSpace key"
"Deleteキー","Delete key"
".(ピリオド)",". (Period)"
",(コンマ)",", (Comma)"
"\\(バックスラッシュ)","C: (backslash)"
"テンキー2","NUMPAD 2"
"テンキー4","NUMPAD 4"
"テンキー6","Numeric keypad 6"
"テンキー8","Numeric keypad 8"
"テンキー1","NUMPAD 1"
"テンキー3","Numeric keypad 3"
"テンキー5","Numeric keypad 5"
"テンキー7","Numeric keypad 7"
"テンキー9","Numeric keypad 9"
"テンキーピリオド","NUMPAD period"
"テンキースラッシュ","NUMPAD slash"
"テンキー＊","Numeric keypad *"
"テンキー0","Numeric keypad 0"
"テンキーマイナス","NUMPAD minus"
"テンキーエンター","Ten key enter"
"テンキー＋","NUMPAD +"
"Pauseキー","Pause key"
"Insertキー","Insert key"
"Homeキー","The home key"
"PageUpキー","PageUp key"
"PageDownキー","Page down key"
"Endキー","End key"
"入力キー","Input keys"
"Shiftを修飾キーに","The SHIFT key is a modifier"
"Ctrlを修飾キーに","CTRL modifier keys to"
"Altを修飾キーに","The ALT key is a modifier"
"ショートカットを登録しました、必要であれば「ユーザー設定の保存」をしてください","Please save user settings, shortcuts, register if you"
"最後に実行したコマンドが見つかりません","Last command not found"
"対応していないタイプのコマンドです","Command type not supported"
"登録出来るコマンドが見つかりませんでした","Could not find command can register"
"割り当ての無いショートカット一覧","Without assigning shortcut list"
"現在の編集モードでの割り当ての無いキーを「情報」エリアに表示します","Displays the key assignments in the current editing mode without information area"
"モードでは、以下の割り当てが空いています","Free mode, assign the following"
"キーコンフィグをXMLでインポート","Import XML in the game"
"キーコンフィグをXML形式で読み込みます","The game reads in XML format"
"リセット","Reset"
"追加","Append"
"モード","Mode"
"XMLファイルの読み込みに失敗しました","Failed to load XML file"
"このファイルはBlenderキーコンフィグXMLファイルではありません","This file is not a Blender game XML file"
"このBlenderキーコンフィグXMLファイルのバージョンには対応していません","Does not correspond to the version of the Blender game XML file"
"BlenderキーコンフィグXMLファイルのバージョンを確認できませんでした","Could not determine the version of the Blender game XML file"
"キーコンフィグをXMLでエクスポート","Export XML in a game"
"キーコンフィグをXML形式で保存します","Game save in XML format"
"展開しているキー割り当てのカテゴリを移動","Move the key assignments that expand the categories"
"展開しているキー割り当てを、他のカテゴリに移動します","Move key assignments that expand into other categories"
"移動先カテゴリ","Move to category"
"展開中の割り当てが存在しません","No assignment during deployment."
"1つのみ割り当てを展開した状態で実行してください","Try only one expansion assignments in the"
"Blender-Scramble-Addonを更新","Update Blender-Scramble-Addon"
"Blender-Scramble-Addonをダウンロード・更新を済ませます","Downloads, updates and check out Blender-Scramble-Addon"
"アドオンを更新しました、Blenderを再起動して下さい","Please restart the Blender updated add-ons"
"「追加項目のオン/オフ」の表示切り替え","Toggle on/off additional items"
"ScrambleAddonによるメニューの末尾の「追加項目のオン/オフ」ボタンの表示/非表示を切り替えます","Turns on/off additional items button at the end of the menu by ScrambleAddon"
"　ショートカット操作","　Shortcut keys"
"ショートカットに関係する操作のメニューです","Operations related to the shortcut menu."
"クリップボードのコマンドをショートカットに登録","Clipboard command create shortcut"
"　Scramble Addon","　Scramble Addon"
"Scramble Addonに関係する操作のメニューです","Operations involving the scramble Addon menu."
".blendファイルをこのバージョンに関連付け","the.blend file associated with this version"
".blendファイルをこのBlender実行ファイルに関連付けます (WindowsOSのみ)","(WindowsOS only).blend file associates a Blender run file"
".blendファイルをこの実行ファイルに関連付けました","the executable file associated with a.blend file"
"バックアップをこのバージョンに関連付け","Backup with this version"
".blend1 .blend2 などのバックアップファイルをこのBlender実行ファイルに関連付けます (WindowsOSのみ)","associates with Blender running file backup file, such as.blend1.blend2 (WindowsOS only)"
".blend1～.blendN まで","by.blend1~.blendN"
"バックアップファイルをこの実行ファイルに関連付けました","The executable file associated with a backup file"
"画像エディター: 拡張","Image Editor: Advanced"
"関連付け (Windowsのみ)","Association (Windows only)"
"選択ボーンをミラーリング","Select bones mirroring."
"選択中のボーンを任意の軸でミラーリングします","Mirrored at any axes selected bone."
"エディトモードで実行してください","Please perform in edit mode"
"アーマチュアオブジェクトではありません","Armature object is not"
"アクティブボーンの名前をクリップボードにコピーします","Copies the Clipboard the name of active bone"
"オブジェクト名も","Object name"
"ボーン名を正規表現で置換","Replace the bone names in regular expressions"
"(選択中の)ボーン名を正規表現に一致する部分で置換します","In the bone name (of choice) to match regular expression replace"
"非選択も含め全て","Including non-select all"
"置換前(正規表現)","Replacement front (in regular expressions)"
"反対位置にあるボーンをリネーム","Bones in the opposite position, rename."
"選択中ボーンのX軸反対側の位置にあるボーンを「○.R ○.L」のように対にします","Bone is located opposite the X axis selection in bone "1.R 1 longs.L ' of so versus the"
"位置のしきい値","At the threshold"
"X軸ミラー編集","X axis mirror edit"
"ボーン名をまとめて設定","Set the bone name"
"選択中のボーンの名前をまとめて設定します","The name of the selected bone sets together"
"ボーン名","Bone name"
"カーブボーンをまとめて設定","Set the curve ban"
"選択中のボーンのカーブボーン設定をします","The selected bone curve born setting"
"セグメント","Segment"
"イーズイン","Ezine"
"イーズアウト","Ease out"
"ロールをまとめて設定","Set the roll"
"選択中のボーンのロールを設定します","Sets the selected bone roll"
"ロール","Roll"
"アクティブのIK設定(回転制限等)をコピー","Copy of active IK settings (rotation limits, etc.)"
"アクティブなボーンのIK設定(回転制限など)を他の選択ボーンにコピーします","Copy selected bone of other active bone IK settings (speed limitations)"
"X軸の設定","Set the X axis"
"Y軸の設定","Y axis settings"
"Z軸の設定","Z axis settings"
"ストレッチの設定","Stretch settings"
"IKのポールターゲットを設定","Paul targeting IK"
"アクティブなボーンのIKのポールターゲットを第二選択ボーンに設定します","Chose the second Paul target of active bone IK bones sets"
"ボーンを二つ選択して実行してください","2 Select the bone and try"
"アクティブボーンにIKコンストレイントがありません","No active born IK constraints"
"IKのチェーンの長さを設定","Set the length of the IK chain"
"アクティブなボーンのIKのチェーンの長さを第二選択ボーンへの長さへと設定します","Second choice of active bone IK chain length to length to the bones and set the"
"上手くチェーン数を取得出来ませんでした","Could not get the chain well"
"確認無しでボーンを削除","Remove the bones with no confirmation"
"ボーンを確認無しで削除します","Remove the bones with no verification"
"ボーンをそのまま3Dカーソルの位置へ","Bones intact to position the 3D cursor"
"相対的なボーンの尾(根本でも可)の位置をそのままに、ボーンを3Dカーソルの位置へ移動させます","Position of relative born tail (even root), bone, 3 D move cursor position"
"尾を移動","Move the tail"
"メッシュ選択モードの切り替え","Mesh selection mode"
"メッシュ選択モードを頂点→辺→面…と切り替えます","Mesh selection mode → top → side surface. Switch and"
"「頂点」選択モード","Vertex select mode"
"「面」選択モード","Face selection mode"
"「辺」選択モード",""Edge" mode"
"メッシュ選択モード","Mesh selection mode"
"メッシュの選択のパイメニューです","Is a pie menu selection of mesh"
"頂点","Vertex"
"プロポーショナル編集","Proportional edit"
"プロポーショナル編集のパイメニューです","Is a pie menu proportional edit"
"有効化","Enabling"
"投影(2D)","Projection (2D)"
"接続","Connection"
"プロポーショナル編集のモードを設定","Set the proportional editing modes"
"プロポーショナル編集のモードを設定します","Set the proportional editing modes"
"メッシュ編集に関するパイメニューです","Is a pie on the mesh editing"
"ショートカットに登録すると便利そうな機能群です","Looks useful functions is to register the shortcut"
"選択モードと同じ要素を削除","Delete the selection mode and the same element"
"現在のメッシュ選択モードと同じ要素(頂点・辺・面)を削除します","Same mesh selection mode of the current element (vertices, sides and faces) remove"
"隠している部分を削除","Remove the covering"
"隠している状態のメッシュを全て削除します","Delete all are mesh"
"表示/隠すを反転","Show / hide flip"
"表示状態と非表示状態を反転させます","Flip display and non-display state"
"メッシュオブジェクトがアクティブな状態で実行してください","Running on a mesh object is active"
"頂点のみを隠す","Hide only the top"
"選択状態の頂点のみを隠して固定します","To hide the selected vertices, the fixed"
"選択しているパーツを隠す","Hide the selected parts"
"1頂点以上を選択しているメッシュパーツを隠します","Hides the mesh part more than 1 vertex is selected"
"非選択部","Non-select Division"
"選択していないパーツを隠す","Hide the unselected parts"
"選択頂点の頂点カラーを塗り潰す","Fill the selected vertex vertex color"
"選択中の頂点のアクティブ頂点カラーを指定色で塗り潰します","Active vertex colors for the selected vertices with specified color fills"
"一番上のシェイプを選択","Select the shape on the top of"
"リストの一番上にあるシェイプキーを選択します","Schipke is at the top of the list, select"
"編集ケージへのモディファイア適用を切り替え","Transition modifiers apply to the editing cage"
"編集中のメッシュケージにモディファイアを適用するかを切り替えます","Toggles whether to apply modifiers to total en bloc spondylectomy in the editing"
"ケージの表示/適応を両方オフにしました","Display / adaptation of cage both have been cleared"
"ケージの表示のみオンにしました","Only cage you've turned"
"ケージの表示/適応を両方オンにしました","Show cage / adaptation, both turned"
"ミラーモディファイアを切り替え","Toggle Miller modifier"
"ミラーモディファイアが無ければ追加、有れば削除します","Delete if not Miller modifier added, Yes"
"結合","Combination"
"クリッピング","Clipping"
"頂点グループミラー","Vertex group mirror"
"テクスチャUミラー","Texture U mirror"
"テクスチャVミラー","Texture V Miller"
"結合距離","Combined distance"
"一番上に追加","Add at the top"
"選択頂点を平均ウェイトで塗り潰す","Fill the selected vertex in average weighted"
"選択頂点のウェイトの平均で、選択頂点を塗り潰します","Fills the selected vertex, vertices weighted average"
"ミックス強度","Mix strength"
"別オブジェクトに分離 (拡張)","Separation of different objects (extended)"
"「別オブジェクトに分離」の拡張メニューを呼び出します","Isolate to another object of the call the extended menu"
"選択物 (分離側をアクティブ)","Choice of (active isolated-side)"
"「選択物で分離」した後に分離した側のエディトモードに入ります","After "in the choice of separation" enters edit mode for the separation side"
"選択部を複製/新オブジェクトに","A selection of reproduction and new objects"
"選択部分を複製・分離し新オブジェクトにしてからエディトモードに入ります","Enters edit mode, replication and selection to the new object from"
"クイック・シュリンクラップ","Quick shrink wrap"
"もう1つの選択メッシュに、選択頂点をぺったりとくっつけます","Another one you mesh the selected vertices pettanko was bonds, who"
"最近接表面の点","The closest surface point"
"投影","Projection"
"最近接頂点","Nearest vertex"
"オフセット","Offset"
"1つ以上は頂点を選択して実行して下さい","One run, select the vertex more than"
"「別オブジェクトに分離」の拡張メニューです","Isolate to another object of the extended menu."
"選択物","Selection of"
"マテリアルで","In the material"
"構造的に分離したパーツで","In the isolated structural parts"
"オブジェクト名を同じに","To the same object name"
"他の選択オブジェクトにアクティブオブジェクトの名前をリンクします","Name of the active object links to other selected objects"
"レイヤーを同じに","In the same layer"
"他の選択オブジェクトにアクティブオブジェクトのレイヤーをリンクします","The link active object layers to other selected objects"
"オブジェクトの表示設定を同じに","Visibility of objects to the same"
"他の選択オブジェクトにアクティブオブジェクトの表示パネルの設定をコピーします","Copy the settings of the display panel of the active object to other selected objects"
"同タイプのオブジェクトのみ","Only objects of the same type"
"テクスチャ スペース","Texture space"
"バウンドのタイプ","Types of bounces"
"空のUVマップをリンク","Link to UV map of the sky"
"他の選択オブジェクトにアクティブオブジェクトのUVを空にして追加します","Empties the Add UV active objects to other objects"
"アーマチュアの動きをリンク","Link motion of the armature"
"コンストレイントによって、他の選択アーマチュアにアクティブアーマチュアの動きを真似させます","By constraints on other selected armature mimic active armature movement"
"ソフトボディの設定をリンク","Links for soft body"
"アクティブオブジェクトのソフトボディの設定を、他の選択オブジェクトにコピーします","Sets the active object soft copies to other selected objects"
"クロスの設定をリンク","Links for cross-"
"アクティブオブジェクトのクロスシミュレーション設定を、他の選択オブジェクトにコピーします","Cloth simulation for the active object copies to other selected objects"
"変形をリンク","Link to deformation"
"アクティブオブジェクトの変形情報を、他の選択オブジェクトにコピーします","Information of the active object copies to other selected objects"
"オブジェクトの変形情報をリンクします","Links to information about transform objects"
"トランスフォーム","Transform"
"オブジェクト名","Object name"
"レイヤー","Layer"
"表示設定","Display settings"
"ソフトボディ設定","Soft body set"
"クロス設定","Cross set"
"空UV","Free UV"
"アーマチュアの動き","Movement of the armature"
"コピー","Copy"
"オブジェクトに関するコピーのパイメニューです","Pie of the copy of the object is"
"オブジェクト対話モード","Interactive objects"
"オブジェクト対話モードのパイメニューです","Is a pie menu objects in interactive mode"
"パーティクル編集","Particle Editor"
"テクスチャペイント","Texture paint"
"オブジェクト対話モードを設定","Sets the interactive mode"
"オブジェクトの対話モードを設定します","Sets the interactive mode of the object"
"対話モード","Interactive mode"
" はその対話モードに入る事が出来ません"," Is able to enter interactive mode"
"アクティブなオブジェクトがありません","There is no active object"
"サブサーフ設定","Save surf set"
"サブサーフのレベルを設定するパイメニューです","Is a pie menu to set the Subsurf levels"
"レベル:2","Level: 2"
"レベル:6","Level: 6"
"レベル:0","Level: 0"
"レベル:4","Level: 4"
"レベル:3","Level: 3"
"レベル:5","Level: 5"
"レベル:1","Level: 1"
"最高描画タイプを設定するパイメニューです","Is a pie menu to set up drawing type"
"最高描画タイプ設定","Setting the maximum drawing type"
"最高描画タイプを設定します","Sets the maximum drawing type"
"確認せずに削除","Delete without confirmation"
"削除する時の確認メッセージを表示せずにオブジェクトを削除します","The delete objects without displaying a confirmation message when you delete"
"全体的に削除","Delete the whole"
"などを削除しました","Such as deleted"
"オブジェクト操作に関するパイメニューです","Is a pie on the object action menu"
"位置/回転/拡縮を適用","Apply the position / rotation / Pan"
"オブジェクトの位置/回転/拡縮を適用します","Applies to object position / rotation / Pan"
"位置と回転と拡縮","Position and rotation with Pan"
"オブジェクトの表示状態と非表示状態を反転させます","Flips the object's view state and non-State"
"特定の種類のオブジェクトのみを隠す","Hide only specific types of objects"
"表示されている特定タイプのオブジェクトを隠します","Hides the object of a specific type are displayed"
"隠すオブジェクトのタイプ","Hide object type"
"特定の種類のオブジェクト以外を隠す","Non-specific types of objects to hide"
"表示されている特定タイプのオブジェクト以外を隠します","Hides the object non-specific type that is displayed"
"残すオブジェクトのタイプ","Leave the object type"
"ウェイト転送","Weight transfer"
"他の選択中のメッシュからアクティブにウェイトペイントを転送します","From the mesh of the selection in the other active forwarding weight paint"
"ウェイト全削除してから","Weight total remove from"
"頂点のインデックス番号","Index of the vertex"
"最近接面","Recently the junction"
"面内の最近接頂点","In-plane nearest vertex"
"方式","Way"
"スムーズ/フラットを切り替え","Toggle smooth/flat"
"選択中のメッシュオブジェクトのスムーズ/フラット状態を切り替えます","Toggles the selected mesh object smooth / flat state"
"メッシュオブジェクトをアクティブにしてから実行して下さい","Try mesh object to activate it."
"メッシュオブジェクトをフラットにしました","Mesh objects have flat"
"メッシュオブジェクトをスムーズにしました","Mesh objects smoothly."
"頂点グループの転送","Transport for vertex group"
"アクティブなメッシュに他の選択メッシュの頂点グループを転送します","Transfers to other selected mesh vertex group active mesh"
"最初に頂点グループ全削除","Delete all vertex groups first"
"頂点グループのクリーン","Clean of the vertex groups"
"割り当ての無い頂点グループ削除","No assignment of vertex group delete"
"メッシュオブジェクトを2つ以上選択した状態で実行して下さい","Please run the selected mesh object to two or more"
"全頂点の平均ウェイトで塗り潰す","Fill in the average weight of all vertices"
"全てのウェイトの平均で、全ての頂点を塗り潰します","The average weight of all, fills all the vertices"
"強度","Strength"
"頂点にメタボールをフック","Top hook metaballs"
"選択中のメッシュオブジェクトの頂点部分に新規メタボールを張り付かせます","Have made new metaballs to the vertices of the selected mesh object"
"メタボール名","Metaball name"
"サイズ","Size"
"解像度","RES"
"頂点グループを大きさに","Vertex group size"
"グリースペンシルにメタボール配置","Grease pencil to metaballs"
"アクティブなグリースペンシルに沿ってメタボールを配置します","The blobby align with active grease pencil"
"密度","Density"
"メタボールサイズ","Metaball size"
"メタボール解像度","Resolution metaball"
"グリースペンシルレイヤーが存在しません","Grespencillayer does not exist"
"メッシュの変形を真似するアーマチュアを作成","Creating an armature to mimic a mesh deformation"
"アクティブメッシュオブジェクトの変形に追従するアーマチュアを新規作成します","Create a new armature to follow the active mesh objects"
"ボーンの長さ","The length of the bone"
"法線に合わせて回転","Rotate normal"
"辺にもボーンを追加","Add bones to the sides"
"頂点部分のボーン名","Vertex part bone name"
"辺部分のボーン名","Side parts bone name"
"はメッシュオブジェクトではないので無視します","The mesh object the ignored"
"の真似をするアーマチュア","The armature to imitate"
"頂点グループがある頂点位置にボーン作成","Bones create the vertices where vertex groups"
"選択オブジェクトの頂点グループが割り当てられている頂点位置に、その頂点グループ名のボーンを作成します","Create a vertex group names of bones in the vertex position is choice object vertex groups assigned"
"アーマチュア名","Armature name"
"ボーン名を頂点グループ名に","Bone name vertex group names"
"はメッシュオブジェクトではありません、無視します","A mesh object, ignore"
"には頂点グループがありません、無視します","To ignore the missing vertex groups"
"厚み付けモディファイアで輪郭線生成","Contour line generation in thickness with modifiers"
"選択オブジェクトに「厚み付けモディファイア」による輪郭描画を追加します","Add to thicken modiﬁ contour drawing selection"
"レンダリングにも適用","Apply the rendering"
"輪郭線の厚さ","Thickness of contour lines"
"線の色","Color of the line"
"ふちに面を張る","Put the faces to the edge"
"「裏面を非表示」をオン","Select to hide on the back"
"1つ以上のメッシュオブジェクトを選択した状態で実行して下さい","Please run the selected mesh object for one or more"
"にマテリアルが割り当てられていないので無視します","To ignore because it does not have a material"
"の輪郭線","The contour line"
"輪郭線","Contour lines"
"選択物のレンダリングを制限","Limit the choice of rendering"
"選択中のオブジェクトをレンダリングしない設定にします","The setting does not render the selected object"
"レンダリングしない","Does not render"
"レンダリングするかを「表示/非表示」に同期","Or to render the "show / hide" to sync"
"現在のレイヤー内のオブジェクトをレンダリングするかどうかを表示/非表示の状態と同期します","Synchronize display / hide status and whether or not to render objects in the current layer"
"全オブジェクト","All objects"
"すべての選択制限をクリア","Clears all selected limits"
"全てのオブジェクトの選択不可設定を解除します(逆も可)","Removes all non-select settings (vice versa)"
"選択不可に","Selection"
"非選択物の選択を制限","Limit the selection of non-selection"
"選択物以外のオブジェクトを選択出来なくします","Cannot select object other than a selection of"
"選択物の選択を制限","Limit the choice of selecting"
"選択中のオブジェクトを選択出来なくします","Can't select the selected object"
"オブジェクト名を正規表現で置換","Replace object names in regular expressions"
"選択中のオブジェクトの名前を正規表現で置換します","Name of the currently selected object in the regular expression replace"
"オブジェクト名とデータ名を同じにする","To the same object and data names"
"選択中のオブジェクトのオブジェクト名とデータ名を同じにします","The same object and data names for selected objects"
"オブジェクトカラー有効 + 色設定","Enable object color + color"
"選択オブジェクトのオブジェクトカラーを有効にし、色を設定します","Object color of the selected object and sets the color,"
"ランダムな色を使う","Use random colors"
"オブジェクトカラー無効 + 色設定","Object color off + color"
"選択オブジェクトのオブジェクトカラーを無効にし、色を設定します","To disable the object color of the selected object, sets the color"
"色を設定する","To set the color"
"モディファイア適用してペアレント作成","Applying modifiers, create a parent"
"親オブジェクトのモディファイアを適用してから、親子関係を作成します","Creates a parent-child relationship from the parent object's modifiers to apply"
"頂点(三角形)","Vertex (triangle)"
"アクティブがメッシュオブジェクトではありません","Active is not a mesh object"
"モディファイア適用後に頂点数が変化してます、望んだ結果じゃないかもしれません","May not count changes after applying the modifier to the wished result"
"カーブからロープ状のメッシュを作成","Create a mesh of rope-like curve to"
"アクティブなカーブオブジェクトに沿ったロープや蛇のようなメッシュを新規作成します","Creates a mesh like rope along the curve object is active or snake new"
"頂点数","Number of vertices"
"半径","RADIUS"
"カーブの解像度","Curve resolution"
"ベベルオブジェクトを断面に移動","Bevel object section moved"
"カーブに設定されているベベルオブジェクトを選択カーブの断面へと移動させます","Curve beveled objects that move and cross section of you curve"
"先頭","Top"
"末尾","At the end"
"中心","Centre"
"移動位置","Moving location"
"ベベルを複製","Duplicate the bevel"
"複製元のベベルを削除","Delete the original bevel"
"Z角度","Z angle"
"2Dカーブに","On a 2-D curve"
"はカーブではありません、無視します","The curve, ignore"
"にベベルオブジェクトが設定されていません、無視します","To ignore the beveled objects is not set"
"内にカーブデータがありません、無視します","In these curves are no, ignore"
"のセグメント数が少なすぎます、無視します","The segment number is too low, ignore"
"オプションの値が不正です","Value of the option is invalid."
"は対応していないタイプのカーブです、無視します","The type does not support curves, ignore"
"レンダリング制限","Rendering limits"
"オブジェクトのレンダリング制限関係のメニューです","Menu object rendering limits involved."
"選択物のレンダリングを許可","Allow the choice of rendering"
"選択制限","Select limit"
"オブジェクトの選択制限関係のメニューです","Menu selection limits of object"
"オブジェクト名関係のメニューです","Is the object name of the menu"
"オブジェクトカラー関係のメニューです","Relationship between object color menu."
"親子関係","Parent/child relationships"
"親子関係のメニューです","Is the menu of the parent-child relationship"
"モディファイア適用 => +頂点(三角形)","Modifiers apply = &gt; + vertex (triangle)"
"特殊処理","Special processing"
"特殊な処理をする操作のメニューです","Processing special action menu."
"ウェイト同士の合成","Synthesis of weights with each other"
"選択中のボーンと同じ頂点グループのウェイトを合成します","The synthetic weights of the selected bone and the same vertex groups"
"新頂点グループ作成","Create a new vertex group"
"新頂点グループ名の末尾","At the end of the new vertex group names"
"...等の合成","... And the synthetic"
"ボーンを2つ以上選択してから実行して下さい","Please select two or more bones from running"
"ウェイト同士の減算","Subtraction of weight between"
"選択中のボーンと同じ頂点グループのウェイトを減算します","Subtracts the weight of the selected bone and the same vertex groups"
"オブジェクトが重なっている部分を塗る","Paint the objects overlap"
"他の選択オブジェクトと重なっている部分のウェイトを塗ります","I painted the weight of the portion that overlaps the other selected objects"
"新しい頂点グループに","New vertex group"
"距離","Distances"
"加算","Add"
"減算","Subtraction"
"置換","Replacement"
"塗り潰し方法","How to fill"
"頂点グループぼかし","Vertex group blur"
"アクティブ、もしくは全ての頂点グループをぼかします","Blurs the active or all vertex groups"
"アクティブのみ","Only active"
"全て","All"
"対象","Target"
"繰り返し回数","Repeat count"
"ウェイト0.0は削除","Remove the weight of 0.0"
"アクティブをぼかし","Active blur."
"全てをぼかし","Everything blurs."
"IK回転制限をコンストレイント化","Constraints of IK rotation restrictions"
"IKの回転制限設定をコンストレイントの回転制限設定にコピー","Copy rotation constraint restrictions IK rotation limit settings"
"無い場合コンストレイントを追加","If not add a constraint"
"ローカル空間","Local space"
"選択しているものを選択不可に","What is selected in the selection"
"選択しているボーンを選択不可能にします","Bones are selected to choose the impossible"
"全ての選択不可を解除","Unlock all selectable"
"全ての選択不可設定のボーンを選択可能にします","The non-selection of all bone"
"カスタムシェイプを作成","Create a custom shape"
"選択ボーンのカスタムシェイプを作成します","Creates a choice bone shape"
"ひし形","Diamond"
"オブジェクトモードに入る","Enter object mode"
"アーマチュアを隠す","Hide the armature"
"ポーズモードで実行して下さい","Please run in pause mode"
"アクティブオブジェクトがアーマチュアではありません","Active object is no armature"
"ウェイトコピー用メッシュを作成","Create a mesh for weight copy"
"選択中のボーンのウェイトコピーで使用するメッシュを作成します","Creates a mesh to use with a copy of the selected bone weight"
"作成するオブジェクト名","Name of object to create"
"ウェイトコピー用オブジェクト","Weight for objects"
"根本","The fundamental"
"ウェイトの位置","Position of the weight"
"ポーズモードで実行してください","Try running in pause mode"
"チェーン状ボーンをグリースペンシルに沿わせる","A chain of bones around grease pencil"
"チェーンの様に繋がった選択ボーンをグリースペンシルに沿わせてポーズを付けます","Select bones linked like a chain of threading to grease pencil, pose"
"根本を元の位置に","Fundamental to its original position"
"チェーン状に繋がったボーン群を選択して実行して下さい","Select Group of bones led to the chain, please run"
"スローペアレントを設定","Set slow parent"
"選択中のボーンにスローペアレントを設定します","Sets the selected bone slow parent"
"減衰トラック","Decay tracks"
"エンプティの大きさ","The size of the empty"
"スローペアレントの強度","Slow parent strength"
"ボーンにドライバを追加","Add a driver to the bone"
"ボーン「","Bone ""
"」には親がありません、スルーします",""That has no parent, through the"
"ボーン名の XXX.R => XXX_R を相互変換","Bone name XXX. R = &gt; XXX_R juggling"
"ボーン名の XXX.R => XXX_R を相互変換します","Bone name XXX. R = &gt; the juggling XXX_R"
"ポーズモードでボーンを選択して実行して下さい","Select the bone in the pause mode, run"
"ボーン名の変換が終了しました、","Bone transformation has ended,"
"個変換しました","Each conversion."
"ボーン名の XXX.R => 右XXX を相互変換","Bone name XXX. R = &gt; juggling right XXX"
"ボーン名の XXX.R => 右XXX を相互変換します","Bone name XXX. R = &gt; the conversion right XXX"
"XXX.R => 右XXX","XXX. R = 右XXX >"
"^右","^ Right"
"^左","^ L"
"ポーズの有効/無効を切り替え","Enable / disable pause switch"
"アーマチュアのポーズ位置/レスト位置を切り替えます","Toggles the pause / rest position of the armature"
"アーマチュアで実行して下さい","Try in the armature."
"ポーズ無効","Pause disabled"
"ポーズ有効","Pause active"
"対のボーンにコンストレイントをコピー","Copy the constraints vs. Vaughan"
"「X.L」なら「X.R」、「X.R」なら「X.L」の名前のボーンへとコンストレイントをコピーします",""X.L" If "X.R", "X.R" bone "X.L" name copy constraints"
"の対になるボーンが存在しないので無視します","The ignores because bone-to-be does not exist"
"はミラーに対応した名前ではありません、無視します","The name that corresponds to the mirror, ignore"
"ボーン名の連番を削除","Remove the bone name serial number"
"「X.001」など、連番の付いたボーン名から数字を取り除くのを試みます","Try to get rid of the numbers from the bone names with sequential numbers, such as "X.001""
"物理演算を設定","Set the physical operations"
"選択中の繋がったボーン群に、RigidBodyによる物理演算を設定します","Bone group led selected sets the physical operations of the RigidBody"
"シェイプサイズ","Shape size"
"シェイプの細分化","Shape granular"
"剛体コンストレイントサイズ","Rigid constraint size"
"十字","Cross"
"矢印","Arrow"
"立方体","Cube"
"円錐","Cone"
"剛体コンストレイント表示","Rigid constraint display"
"剛体コンストレイントをシェイプに追尾","Track shape rigid constraints"
"回転制限","Rotation limit"
"減衰：移動","Attenuation: move"
"減衰：回転","Attenuation: rotate"
"アーマチュアオブジェクトで実行して下さい","Run with an armature object"
"一連の繋がったボーンを選択して実行して下さい","Please run then led a series of bones"
"剛体基点","Basic point was that"
"剛体コンストレイント","Rigid constraints"
"現ポーズを回転制限に","Currently pose a rotation limit"
"現在のボーンの回転状態を、IKやコンストレイントの回転制限へと設定します","Rotational States of current bone sets to rotation limit constraints and IK"
"IKの回転制限","IK rotation restrictions"
"コンストレイントの回転制限","Rotation limit constraints"
"制限の反転","Reversal of the restrictions"
"X軸の制限","Limits of the X axis"
"Y軸の制限","Limits of the Y axis"
"Z軸の制限","Z-limits"
"ポーズの回転をリセット","Reset rotation pose"
"ボーン名に関する機能のメニューです","Feature on the bone name menu."
"ボーン名置換「XXX_R => XXX.R」","Bone name replacing "XXX_R = &gt; XXX. R '"
"ボーン名置換「XXX.R => XXX_R」","Bone name replacing "XXX. R = &gt; XXX_R ""
"ボーン名置換「XXX_R => 右XXX」","Bone name replacing "XXX_R = &gt; right XXX""
"ボーン名置換「右XXX => XXX_R」","Bone name replacing "XXX right = &gt; XXX_R""
"特殊な処理に関する機能のメニューです","Handling special functions menu."
"ポーズ位置を切り替え (現在：レスト位置)","Pause position, switching current (rest position)"
"ポーズ位置を切り替え (現在：ポーズ位置)","Pose position switch pose position (current)"
"右半分を選択","Select the right half"
"ボーン群の右半分を選択します(その他設定も有)","Select the right half of the bone (and other settings too)"
"-(マイナス)","-(Minus)"
"+(プラス)","+ (Plus)"
"X=0の頂点を選択","Select the vertex of X = 0"
"X=0の頂点を選択する","Select the vertex of X = 0"
"メッシュの右半分を選択します(その他設定も有)","Select the right half of the mesh (other settings too)"
"サイズで比較してオブジェクトを選択","In size compared to the object"
"最大オブジェクトに対して大きい、もしくは小さいオブジェクトを選択します","Select the maximum objects larger or smaller objects"
"大きい物を選択","Choose the big ones"
"小さい物を選択","Choose small ones"
"選択モード","Selection mode"
"サーフェス","Surface"
"選択タイプ","Select type"
"選択範囲","Selection"
"同じ名前のオブジェクトを選択","Select the object with the same name"
"アクティブなオブジェクトと同じ名前 (X X.001 X.002など) の可視オブジェクトを選択します","Select the visible object of the active object with the same name, such as (X.001 X X.002)"
"同じマテリアル構造のオブジェクトを選択","Select an object of same material structure"
"アクティブなオブジェクトのマテリアル構造と同じ可視オブジェクトを選択します","Select the active object material structure and same visible objects"
"同じモディファイア構造のオブジェクトを選択","Select the same modifier structure objects"
"アクティブなオブジェクトのモディファイア構造が同じ可視オブジェクトを選択します","Select the same modifier of active objects visible objects"
"同じサブサーフレベルのオブジェクトを選択","Select Subsurf levels the same object"
"アクティブなオブジェクトのサブサーフレベルが同じ可視オブジェクトを選択します","Select Subsurf levels of active objects have the same visible objects"
"同じアーマチュアで変形しているオブジェクトを選択","Select the objects that transform in the same armature"
"アクティブなオブジェクトと同じアーマチュアで変形している可視オブジェクトを選択します","Select the visible objects are transformed in an active object with same armature"
"アクティブオブジェクトにアーマチュアモディファイアがありません","No active object armtuamodifaia"
"アクティブオブジェクトより大きい、もしくは小さいオブジェクトを追加選択します","Greater than the active object, or select additional small objects"
"より大きい物を選択","Choose the bigger ones"
"より小さい物を選択","Choose smaller ones"
"同じサイズも選択","Also choose the same size"
"同じタイプ","Same type"
"基準サイズ オフセット","Standard size offset"
"面のあるメッシュを選択","Choose a surface mesh"
"面が1つ以上あるメッシュを選択します","Select a mesh surface at least one"
"辺のみのメッシュを選択","Select only the side mesh"
"面が無く、辺のみのメッシュを選択します","Surface, select the only side mesh"
"頂点のみのメッシュを選択","Select the mesh vertices only"
"面と辺が無く、頂点のみのメッシュを選択します","Surfaces and edges, select the mesh vertices only"
"頂点すら無いメッシュを選択","Select the no mesh even vertex"
"面と辺と頂点が無い空のメッシュオブジェクトを選択します","Surface and edge and select the mesh object vertex is not empty"
"関係で選択 (拡張)","Selected relationship (extended)"
"プロパティによってグループ化されたすべての可視オブジェクトを選択します","Select all visible objects grouped by properties"
"直接の子","Immediate children"
"兄弟","Brother"
"タイプ","Type"
"パス","Path"
"キーイングセット","Keying set"
"ランプタイプ","Lamp type"
"より大きい","Greater than"
"より小さい","Less than"
"サブサーフレベル","Subsurf levels"
"同アーマチュア変形","Same armature deformation"
"メッシュの特徴で選択","Selected characteristics of a mesh"
"可視メッシュオブジェクトを選択する機能のメニューです","Ability to select the mesh object visualization menu."
"面あり","Terms and"
"辺のみ","Sides only"
"頂点すら無し","Even the vertex no"
"小さなものを選択","Choose small ones"
"大きなものを選択","Choose the big ones"
"連番の付いたボーンを選択","Select a numbered bone."
"X.001 のように番号の付いた名前のボーンを選択します","Select the name with a number X.001 in bone"
"対称のボーンへ選択を移動","Symmetrical bones move selection"
"X.Rを選択中ならX.Lへ選択を変更、X.LならX.Rへ","If you choose X.R change selection to X.L, if X.L to X.R"
"同じコンストレイントのボーンを選択","Select the bone of the same constraints"
"アクティブボーンと同じ種類のコンストレイントを持ったボーンを追加選択します","Select additional bone with active bone and same kind of constraint."
"同じ名前のボーンを選択","Select the bone of the same name."
"X X.001 X.002 などのボーン名を同じ名前とみなして選択します","Regarding the bone names, such as X-X.001 X.002 with the same name, select"
"名前が対称のボーンを追加選択","Select Add name of symmetrical bone"
"X.Rを選択中ならX.Lも追加選択、X.LならX.Rも選択","If you select X.R X.L also selected X.R X.L if additional selection"
"ボーンの末端まで選択","Until the end of the bone"
"選択ボーンの子 → 子ボーンの子...と最後まで選択していきます","Select bones child-child child's bones. And we will select to the end"
"ボーンの根本まで選択","Select the bone"
"選択ボーンの親 → 親ボーンの親...と最後まで選択していきます","Choice bones parent → parent of parent bone. And we will select to the end"
"ボーンの経路を選択","Select the route of bones"
"2つの選択ボーンの経路を選択します","Select the select bones of two paths"
"同じプロパティでまとめた可視ボーンをすべて選択する機能のメニューです","Ability to select all visible bones together with the same properties menu."
"名前が対称","Mirror name"
"メッシュに3Dカーソルをスナップ","3D cursor snap to mesh"
"マウス下のメッシュ面上に3Dカーソルを移動させます(ショートカットに登録してお使い下さい)","(Please use the shortcuts) mesh surface under the mouse move the 3D cursor"
"マウス位置","Mouse position"
"視点位置に3Dカーソル移動","3D Navigation view"
"視点の中心位置に3Dカーソルを移動させます","Move the 3D cursor center position of"
"3Dカーソルを非表示に(遥か遠くに)","3D cursor invisible in the (distant)"
"3Dカーソルを遥か遠くに移動させて非表示のように見せかけます","Pretend to hide the 3D cursor to move far far away"
"カーソル → 視点位置","Cursor-position"
"カーソル → 非表示 (遠くへ)","Cursor to hide (to)"
"カーソル → メッシュ表面","Cursor → mesh surface"
"他のUVからコピー","Copied from other UV"
"アクティブなUV展開を他のUVからコピーしてきます","Active UV unwrapping can be copied from other UV"
"UV数が2つ以上で実行して下さい","UV number is run in two or more"
"選択部分のアクティブなUV展開を、他のUVからコピーしてきます","Deploying an active UV selection will copy from other UV"
"コピー元UV","Copy source UV"
"グローバルビュー/ローカルビュー(非ズーム)","Global view and local views (non-zoom)"
"選択したオブジェクトのみを表示し、視点の中央に配置します(ズームはしません)","And show only selected objects, center point of the Zoom (is not)"
"ローカル","Local"
"グローバル","Global"
"シェーディング切り替え(モードA)","Shading switch (mode A)"
"シェーディングを 「ワイヤーフレーム」→「ソリッド」→「テクスチャ」... と切り替えていきます",""Wireframe", "solid" → "texture" shading... We will switch"
"3Dビュー関係のパイメニューです","Is the pie between the 3D view"
"プリセットビュー","Preset views"
"プリセットビュー(テンキー1,3,7とか)のパイメニューです","Is a pie menu of preset views or (NUMPAD 1, 3, 7)"
"透視投影/平行投影","Perspective projection and parallel projection"
"シェーディング切り替え","Shading transitions"
"シェーディング切り替えパイメニューです","Is the shading switch pie"
"バウンディングボックス","Bounding box"
"レンダー","Render"
"シェーディングを切り替えます","Toggles shading"
"シェーディング","Shading"
"レイヤーのパイメニュー","Layer pie"
"レイヤー表示切り替えのパイメニューです","Is a pie menu toggle layer visibility"
"切り替えるレイヤーを選択して下さい (+Shiftで追加選択 +Ctrlで半選択 +Altで半選択解除)","Select layer switch (shift + add choice + CTRL in semi-selection + Alt half-clear)"
"レイヤーを切り替えます (+Shiftで追加選択 +Ctrlで半選択 +Altで半選択解除)","Shows or hides layer (shift + add choice + CTRL in semi-selection + Alt half-clear)"
"レイヤー番号","Layer number"
"選択拡張","Select extension"
"半選択","Half selection"
"半選択解除","Half-clear"
"選択部分を表示 (非ズーム)","Display selection (non-zoom)"
"選択中の物に3D視点の中心を合わせます(ズームはしません)","Food choice in over the center of the 3D view (zoom is not)"
"視点を原点に","Viewpoint at the origin"
"3Dビューの視点を座標の中心に移動します","3D view perspective moves in the center of the coordinate"
"選択+視点の中心に","In the center of the selection + POV"
"マウス下の物を選択し視点の中心にします (Shiftを押しながらで追加選択)","Select the object under the mouse, the center point of (shift in additional selection)"
"ズームしない","No zoom"
"ズームする","To zoom"
"視点変更方法","How to change the point of view"
"追加選択","Add selection"
"メッシュに視点をスナップ","Snap to point mesh"
"マウス下のメッシュ面上に視点の中心を移動させます(ショートカットに登録してお使い下さい)","(Please use the shortcuts) move the center point of mesh surface under the mouse"
"ビューの反対側に","On the other side of the view"
"現在のビューの逆側へ回りこみます","Orbit to the reverse side of the current view"
"視点と3Dカーソルを原点に","3D cursor with the viewpoint at the origin"
"視点と3Dカーソルの位置を原点(XYZ=0.0)に移動させます","Perspective and 3D cursor position move to origin (XYZ=0.0)"
"メッシュに視点と3Dカーソルをスナップ","Perspective and 3D cursor snap to mesh"
"マウス下のメッシュ面上に視点と3Dカーソルを移動させます (ショートカットに登録してお使い下さい)","(Please use the shortcuts) move the viewpoint and 3D cursor mesh surface under the mouse"
"面を正面から見る","Viewed from the front side"
"選択中の面の法線方向から面を注視します","The watch face from the selected surface normal direction"
"ノード使用中なので不可","Because the nodes used in non-"
"グループで表示/非表示を切り替え","Toggle show / hide groups"
"所属しているグループで表示/非表示を切り替えます","Group show / hide toggles"
"グループ名","Group name"
"ボーンレイヤー","Bone layer"
"グループでレイヤー","Group layers."
"全表示","All said"
"無所属","Non-partisan"
"アクティブなテクスチャスロットを塗る","Apply active texture slot"
"アクティブなペイントスロットをアクティブなテクスチャスロットにします","The active texture slot slot active paint"
"アクティブテクスチャスロット","Active texture slots"
"クイック編集 (拡張)","Quick Edit (extend)"
"ユーザー設定のファイルタブで設定した追加の外部エディターでクイック編集を行います","Do the quick editing in an external editor of the additional files page of the custom"
"追加クイック編集","Add Quick Edit"
"カーソル → 選択物","Cursor-choice products"
"カーソルをリセット","Reset cursors"
"視点のセーブ","Save view"
"現在の3Dビューの視点をセーブします","Save the current 3D view perspective"
"視点セーブデータ","View saved games"
"視点の読み込みに失敗しました、セーブデータをリセットします","Failed to load of the SaveGame resets"
"視点のロード","Point of load"
"現在の3Dビューに視点をロードします","Load the current 3D view perspective"
"視点セーブデータ名","View saved names"
"セーブデータが存在しませんでした","Saved game does not exist"
"視点セーブを破棄","View save to discard"
"全ての視点セーブデータを削除します","Removes all viewpoints save data"
"視点セーブをロード","View save to load"
"無効なメニュー","Invalid menu"
"「追加項目のオン/オフ」の非表示","Turn on/off additional items hidden"
"視点のセーブデータ","View saved games"
"XMLキーコンフィグのパス","XML game pass"
"画像編集ソフトのパス 1","Pass 1 of image-editing software"
"画像編集ソフトのパス 2","Pass 2 of the image-editing software"
"画像編集ソフトのパス 3","Path 3 image editing software"
"テキスト編集ソフトのパス 1","Path 1 text editing software"
"テキスト編集ソフトのパス 2","Pass 2 of text editing software"
"テキスト編集ソフトのパス 3","Path 3 text editing software"
"追加項目のオン/オフ","Turn on or off additional items"
"ScrambleAddonによる追加メニューを有効/無効に切り替えます","ScrambleAddon-add menu toggles the enabled / disabled"
